<?xml version="1.0" encoding="utf-8"?>
    <TileMap version="1.0.0" tilemapservice="http://tms.osgeo.org/1.0.0">
      <Title>combined.tif</Title>
      <Abstract></Abstract>
      <SRS>EPSG:3857</SRS>
      <BoundingBox minx="-122.26004677598139" miny="37.39050646914655" maxx="-122.19197945937310" maxy="37.41798912622149"/>
      <Origin x="-122.26004677598139" y="37.39050646914655"/>
      <TileFormat width="256" height="256" mime-type="image/png" extension="png"/>
      <TileSets profile="mercator">
        <TileSet href="13" units-per-pixel="19.10925706787109" order="13"/>
        <TileSet href="14" units-per-pixel="9.55462853393555" order="14"/>
        <TileSet href="15" units-per-pixel="4.77731426696777" order="15"/>
        <TileSet href="16" units-per-pixel="2.38865713348389" order="16"/>
        <TileSet href="17" units-per-pixel="1.19432856674194" order="17"/>
      </TileSets>
    </TileMap>
    